1,unknwn
2,unknwn
3,unknwn
4,unknwn
5,unknwn
6,unknwn
7,unknwn
8,unknwn
9,unknwn
10,unknwn
11,unknwn
12,unknwn
13,unknwn
14,unknwn
15,unknwn
16,unknwn
17,unknwn
18,unknwn
19,unknwn
20,unknwn
21,unknwn
22,unknwn
23,unknwn
24,unknwn
25,unknwn
26,unknwn
27,unknwn
28,unknwn
29,unknwn
30,unknwn
31,unknwn
32,unknwn
33,unknwn
34,unknwn
35,unknwn
36,unknwn
37,unknwn
38,unknwn
39,unknwn
40,unknwn
41,unknwn
42,unknwn
43,unknwn
44,unknwn
45,unknwn
46,unknwn
47,unknwn
48,unknwn
49,unknwn
50,unknwn
51,unknwn
52,unknwn
53,unknwn
54,unknwn
55,unknwn
56,unknwn
57,unknwn
58,unknwn
59,unknwn
60,unknwn
61,unknwn
62,unknwn
63,unknwn
64,unknwn
65,unknwn
66,unknwn
67,unknwn
68,unknwn
69,unknwn
70,unknwn
71,unknwn
72,unknwn
73,unknwn
74,unknwn
75,unknwn
76,unknwn
77,unknwn
78,unknwn
79,unknwn
80,unknwn
81,unknwn
82,unknwn
83,unknwn
84,unknwn
85,unknwn
86,unknwn
87,unknwn
88,unknwn
89,unknwn
90,unknwn
91,unknwn
92,unknwn
93,unknwn
94,unknwn
95,unknwn
96,unknwn
97,unknwn
98,unknwn
99,unknwn
100,unknwn
101,unknwn
102,unknwn
103,unknwn
104,unknwn
105,unknwn
106,unknwn
107,unknwn
108,unknwn
109,unknwn
110,unknwn
111,unknwn
112,unknwn
113,unknwn
114,unknwn
115,unknwn
116,unknwn
117,unknwn
118,unknwn
119,unknwn
120,unknwn
121,unknwn
122,unknwn
123,unknwn
124,unknwn
125,unknwn
126,unknwn
127,unknwn
128,unknwn
129,unknwn
130,unknwn
131,unknwn
132,unknwn
133,unknwn
134,unknwn
135,unknwn
136,unknwn
137,unknwn
138,unknwn
139,unknwn
140,unknwn
141,unknwn
142,unknwn
143,unknwn
144,unknwn
145,unknwn
146,unknwn
147,unknwn
148,unknwn
149,unknwn
150,unknwn
151,unknwn
152,unknwn
153,unknwn
154,unknwn
155,unknwn
156,unknwn
157,unknwn
158,unknwn
159,unknwn
160,unknwn
161,unknwn
162,unknwn
163,unknwn
164,unknwn
165,unknwn
166,unknwn
167,unknwn
168,unknwn
169,unknwn
170,unknwn
171,unknwn
172,unknwn
173,unknwn
174,unknwn
175,unknwn
176,unknwn
177,unknwn
178,unknwn
179,unknwn
180,unknwn
181,unknwn
182,unknwn
183,unknwn
184,unknwn
185,unknwn
186,unknwn
187,unknwn
188,unknwn
189,unknwn
190,unknwn
191,unknwn
192,unknwn
193,unknwn
194,unknwn
195,unknwn
196,unknwn
197,unknwn
198,unknwn
199,unknwn
200,unknwn
201,unknwn
202,unknwn
203,unknwn
204,unknwn
205,unknwn
206,unknwn
207,unknwn
208,unknwn
209,unknwn
210,unknwn
211,unknwn
212,unknwn
213,unknwn
214,unknwn
215,unknwn
216,unknwn
217,unknwn
218,unknwn
219,unknwn
220,unknwn
221,unknwn
222,unknwn
223,unknwn
224,unknwn
225,unknwn
226,unknwn
227,unknwn
228,unknwn
229,unknwn
230,unknwn
231,unknwn
232,unknwn
233,unknwn
234,unknwn
235,unknwn
236,unknwn
237,unknwn
238,unknwn
239,unknwn
240,unknwn
241,unknwn
242,unknwn
243,unknwn
244,unknwn
245,unknwn
246,unknwn
247,unknwn
248,unknwn
249,unknwn
250,unknwn
251,unknwn
252,unknwn
253,unknwn
254,unknwn
255,unknwn
256,unknwn
257,unknwn
258,unknwn
259,unknwn
260,unknwn
261,unknwn
262,unknwn
263,unknwn
264,unknwn
265,unknwn
266,unknwn
267,unknwn
268,unknwn
269,unknwn
270,unknwn
271,unknwn
272,unknwn
273,unknwn
274,unknwn
275,unknwn
276,unknwn
277,unknwn
278,unknwn
279,unknwn
280,unknwn
281,unknwn
282,unknwn
283,unknwn
284,unknwn
285,unknwn
286,unknwn
287,unknwn
288,unknwn
289,unknwn
290,unknwn
291,unknwn
292,unknwn
293,unknwn
294,unknwn
295,unknwn
296,unknwn
297,unknwn
298,unknwn
299,unknwn
300,unknwn
301,unknwn
302,unknwn
303,unknwn
304,unknwn
305,unknwn
306,unknwn
307,unknwn
308,unknwn
309,unknwn
310,unknwn
311,unknwn
312,unknwn
313,unknwn
314,unknwn
315,unknwn
316,unknwn
317,unknwn
318,unknwn
319,unknwn
320,unknwn
321,unknwn
322,unknwn
323,unknwn
324,unknwn
325,unknwn
326,unknwn
327,unknwn
328,unknwn
329,unknwn
330,unknwn
331,unknwn
332,unknwn
333,unknwn
334,unknwn
335,unknwn
336,unknwn
337,unknwn
338,unknwn
339,unknwn
340,unknwn
341,unknwn
342,unknwn
343,unknwn
344,unknwn
345,unknwn
346,unknwn
347,unknwn
348,unknwn
349,unknwn
350,unknwn
351,unknwn
352,unknwn
353,unknwn
354,unknwn
355,unknwn
356,unknwn
357,unknwn
358,unknwn
359,unknwn
360,unknwn
361,unknwn
362,unknwn
363,unknwn
364,unknwn
365,unknwn
366,unknwn
367,unknwn
368,unknwn
369,unknwn
370,unknwn
371,unknwn
372,unknwn
373,unknwn
374,unknwn
375,unknwn
376,unknwn
377,unknwn
378,unknwn
379,unknwn
380,unknwn
381,unknwn
382,unknwn
383,unknwn
384,unknwn
385,unknwn
386,unknwn
387,unknwn
388,unknwn
389,unknwn
390,unknwn
391,unknwn
392,unknwn
393,unknwn
394,unknwn
395,unknwn
396,unknwn
397,unknwn
398,unknwn
399,unknwn
400,unknwn
401,unknwn
402,unknwn
403,unknwn
404,unknwn
405,unknwn
406,unknwn
407,unknwn
408,unknwn
409,unknwn
410,unknwn
411,unknwn
412,unknwn
413,unknwn
414,unknwn
415,unknwn
416,unknwn
417,unknwn
418,unknwn
419,unknwn
420,unknwn
421,unknwn
422,unknwn
423,unknwn
424,unknwn
425,unknwn
426,unknwn
427,unknwn
428,unknwn
429,unknwn
430,unknwn
431,unknwn
432,unknwn
433,unknwn
434,unknwn
435,unknwn
436,unknwn
437,unknwn
438,unknwn
439,unknwn
440,unknwn
441,unknwn
442,unknwn
443,unknwn
444,unknwn
445,unknwn
446,unknwn
447,unknwn
448,unknwn
449,unknwn
450,unknwn
451,unknwn
452,unknwn
453,unknwn
454,unknwn
455,unknwn
456,unknwn
457,unknwn
458,unknwn
459,unknwn
460,unknwn
461,unknwn
462,unknwn
463,unknwn
464,unknwn
465,unknwn
466,unknwn
467,unknwn
468,unknwn
469,unknwn
470,unknwn
471,unknwn
472,unknwn
473,unknwn
474,unknwn
475,unknwn
476,unknwn
477,unknwn
478,unknwn
479,unknwn
480,unknwn
481,unknwn
482,unknwn
483,unknwn
484,unknwn
485,unknwn
486,unknwn
487,unknwn
488,unknwn
489,unknwn
490,unknwn
491,unknwn
492,unknwn
493,unknwn
494,unknwn
495,unknwn
496,unknwn
497,unknwn
498,unknwn
499,unknwn
500,unknwn
501,unknwn
502,unknwn
503,unknwn
504,unknwn
505,unknwn
506,unknwn
507,unknwn
508,unknwn
509,unknwn
510,unknwn
511,unknwn
512,unknwn
513,unknwn
514,unknwn
515,unknwn
516,unknwn
517,unknwn
518,unknwn
519,unknwn
520,unknwn
521,unknwn
522,unknwn
523,unknwn
524,unknwn
525,unknwn
526,unknwn
527,unknwn
528,unknwn
529,unknwn
530,unknwn
531,unknwn
532,unknwn
533,unknwn
534,unknwn
535,unknwn
536,unknwn
537,unknwn
538,unknwn
539,unknwn
540,unknwn
541,unknwn
542,unknwn
543,unknwn
544,unknwn
545,unknwn
546,unknwn
547,unknwn
548,unknwn
549,unknwn
550,unknwn
551,unknwn
552,unknwn
553,unknwn
554,unknwn
555,unknwn
556,unknwn
557,unknwn
558,unknwn
559,unknwn
560,unknwn
561,unknwn
562,unknwn
563,unknwn
564,unknwn
565,unknwn
566,unknwn
567,unknwn
568,unknwn
569,unknwn
570,unknwn
571,unknwn
572,unknwn
573,unknwn
574,unknwn
575,unknwn
576,unknwn
577,unknwn
578,unknwn
579,unknwn
580,unknwn
581,unknwn
582,unknwn
583,unknwn
584,unknwn
585,unknwn
586,unknwn
587,unknwn
588,unknwn
589,unknwn
590,unknwn
591,unknwn
592,unknwn
593,unknwn
594,unknwn
595,unknwn
596,unknwn
597,unknwn
598,unknwn
599,unknwn
600,unknwn
601,unknwn
602,unknwn
603,unknwn
604,unknwn
605,unknwn
606,unknwn
607,unknwn
608,unknwn
609,unknwn
610,unknwn
611,unknwn
612,unknwn
613,unknwn
614,unknwn
615,unknwn
616,unknwn
617,unknwn
618,unknwn
619,unknwn
620,unknwn
621,unknwn
622,unknwn
623,unknwn
624,unknwn
625,unknwn
626,unknwn
627,unknwn
628,unknwn
629,unknwn
630,unknwn
631,unknwn
632,unknwn
633,unknwn
634,unknwn
635,unknwn
636,unknwn
637,unknwn
638,unknwn
639,unknwn
640,unknwn
641,unknwn
642,unknwn
643,unknwn
644,unknwn
645,unknwn
646,unknwn
647,unknwn
648,unknwn
649,unknwn
650,unknwn
651,unknwn
652,unknwn
653,unknwn
654,unknwn
655,unknwn
656,unknwn
657,unknwn
658,unknwn
659,unknwn
660,unknwn
661,unknwn
662,unknwn
663,unknwn
664,unknwn
665,unknwn
666,unknwn
667,unknwn
668,unknwn
669,unknwn
670,unknwn
671,unknwn
672,unknwn
673,unknwn
674,unknwn
675,unknwn
676,unknwn
677,unknwn
678,unknwn
679,unknwn
680,unknwn
681,unknwn
682,unknwn
683,unknwn
684,unknwn
685,unknwn
686,unknwn
687,unknwn
688,unknwn
689,unknwn
690,unknwn
691,unknwn
692,unknwn
693,unknwn
694,unknwn
695,unknwn
696,unknwn
697,unknwn
698,unknwn
699,unknwn
700,unknwn
701,unknwn
702,unknwn
703,unknwn
704,unknwn
705,unknwn
706,unknwn
707,unknwn
708,unknwn
709,unknwn
710,unknwn
711,unknwn
712,unknwn
713,unknwn
714,unknwn
715,unknwn
716,unknwn
717,unknwn
718,unknwn
719,unknwn
720,unknwn
721,unknwn
722,unknwn
723,unknwn
724,unknwn
725,unknwn
726,unknwn
727,unknwn
728,unknwn
729,unknwn
730,unknwn
731,unknwn
732,unknwn
733,unknwn
734,unknwn
735,unknwn
736,unknwn
737,unknwn
738,unknwn
739,unknwn
740,unknwn
741,unknwn
742,unknwn
743,unknwn
744,unknwn
745,unknwn
746,unknwn
747,unknwn
748,unknwn
749,unknwn
750,unknwn
751,unknwn
752,unknwn
753,unknwn
754,unknwn
755,unknwn
756,unknwn
757,unknwn
758,unknwn
759,unknwn
760,unknwn
761,unknwn
762,unknwn
763,unknwn
764,unknwn
765,unknwn
766,unknwn
767,unknwn
768,unknwn
769,unknwn
770,unknwn
771,unknwn
772,unknwn
773,unknwn
774,unknwn
775,unknwn
776,unknwn
777,unknwn
778,unknwn
779,unknwn
780,unknwn
781,unknwn
782,unknwn
783,unknwn
784,unknwn
785,unknwn
786,unknwn
787,unknwn
788,unknwn
789,unknwn
790,unknwn
791,unknwn
792,unknwn
793,unknwn
794,unknwn
795,unknwn
796,unknwn
797,unknwn
798,unknwn
799,unknwn
800,unknwn
801,unknwn
802,unknwn
803,unknwn
804,unknwn
805,unknwn
806,unknwn
807,unknwn
808,unknwn
809,unknwn
810,unknwn
811,unknwn
812,unknwn
813,unknwn
814,unknwn
815,unknwn
816,unknwn
817,unknwn
818,unknwn
819,unknwn
820,unknwn
821,unknwn
822,unknwn
823,unknwn
824,unknwn
825,unknwn
826,unknwn
827,unknwn
828,unknwn
829,unknwn
830,unknwn
831,unknwn
832,unknwn
833,unknwn
834,unknwn
835,unknwn
836,unknwn
837,unknwn
838,unknwn
839,unknwn
840,unknwn
841,unknwn
842,unknwn
843,unknwn
844,unknwn
845,unknwn
846,unknwn
847,unknwn
848,unknwn
849,unknwn
850,unknwn
851,unknwn
852,unknwn
853,unknwn
854,unknwn
855,unknwn
856,unknwn
857,unknwn
858,unknwn
859,unknwn
860,unknwn
861,unknwn
862,unknwn
863,unknwn
864,unknwn
865,unknwn
866,unknwn
867,unknwn
868,unknwn
869,unknwn
870,unknwn
871,unknwn
872,unknwn
873,unknwn
874,unknwn
875,unknwn
876,unknwn
877,unknwn
878,unknwn
879,unknwn
880,unknwn
881,unknwn
882,unknwn
883,unknwn
884,unknwn
885,unknwn
886,unknwn
887,unknwn
888,unknwn
889,unknwn
890,unknwn
891,unknwn
892,unknwn
893,unknwn
894,unknwn
895,unknwn
896,unknwn
897,unknwn
898,unknwn
899,unknwn
900,unknwn
901,unknwn
902,unknwn
903,unknwn
904,unknwn
905,unknwn
906,unknwn
907,unknwn
908,unknwn
909,unknwn
910,unknwn
911,unknwn
912,unknwn
913,unknwn
914,unknwn
915,unknwn
916,unknwn
917,unknwn
918,unknwn
919,unknwn
920,unknwn
921,unknwn
922,unknwn
923,unknwn
924,unknwn
925,unknwn
926,unknwn
927,unknwn
928,unknwn
929,unknwn
930,unknwn
931,unknwn
932,unknwn
933,unknwn
934,unknwn
935,unknwn
936,unknwn
937,unknwn
938,unknwn
939,unknwn
940,unknwn
941,unknwn
942,unknwn
943,unknwn
944,unknwn
945,unknwn
946,unknwn
947,unknwn
948,unknwn
949,unknwn
950,unknwn
951,unknwn
952,unknwn
953,unknwn
954,unknwn
955,unknwn
956,unknwn
957,unknwn
958,unknwn
959,unknwn
960,unknwn
961,unknwn
962,unknwn
963,unknwn
964,unknwn
965,unknwn
966,unknwn
967,unknwn
968,unknwn
969,unknwn
970,unknwn
971,unknwn
972,unknwn
973,unknwn
974,unknwn
975,unknwn
976,unknwn
977,unknwn
978,unknwn
979,unknwn
980,unknwn
981,unknwn
982,unknwn
983,unknwn
984,unknwn
985,unknwn
986,unknwn
987,unknwn
988,unknwn
989,unknwn
990,unknwn
991,unknwn
992,unknwn
993,unknwn
994,unknwn
995,unknwn
996,unknwn
997,unknwn
998,unknwn
999,unknwn
1000,unknwn
1001,unknwn
1002,unknwn
1003,unknwn
1004,unknwn
1005,unknwn
1006,unknwn
1007,unknwn
1008,unknwn
1009,unknwn
1010,unknwn
1011,unknwn
1012,unknwn
1013,unknwn
1014,unknwn
1015,unknwn
1016,unknwn
1017,unknwn
1018,unknwn
1019,unknwn
1020,unknwn
1021,unknwn
1022,unknwn
1023,unknwn
1024,unknwn
1025,unknwn
1026,unknwn
1027,unknwn
1028,unknwn
1029,unknwn
1030,unknwn
1031,unknwn
1032,unknwn
1033,unknwn
1034,unknwn
1035,unknwn
1036,unknwn
1037,unknwn
1038,unknwn
1039,unknwn
1040,unknwn
1041,unknwn
1042,unknwn
1043,unknwn
1044,unknwn
1045,unknwn
1046,unknwn
1047,unknwn
1048,unknwn
1049,unknwn
1050,unknwn
1051,unknwn
1052,unknwn
1053,unknwn
1054,unknwn
1055,unknwn
1056,unknwn
1057,unknwn
1058,unknwn
1059,unknwn
1060,unknwn
1061,unknwn
1062,unknwn
1063,unknwn
1064,unknwn
1065,unknwn
1066,unknwn
1067,unknwn
1068,unknwn
1069,unknwn
1070,unknwn
1071,unknwn
1072,unknwn
1073,unknwn
1074,unknwn
1075,unknwn
1076,unknwn
1077,unknwn
1078,unknwn
1079,unknwn
1080,unknwn
1081,unknwn
1082,unknwn
1083,unknwn
1084,unknwn
1085,unknwn
1086,unknwn
1087,unknwn
1088,unknwn
1089,unknwn
1090,unknwn
1091,unknwn
1092,unknwn
1093,unknwn
1094,unknwn
1095,unknwn
1096,unknwn
1097,unknwn
1098,unknwn
1099,unknwn
1100,unknwn
1101,unknwn
1102,unknwn
1103,unknwn
1104,unknwn
1105,unknwn
1106,unknwn
1107,unknwn
1108,unknwn
1109,unknwn
1110,unknwn
1111,unknwn
1112,unknwn
1113,unknwn
1114,unknwn
1115,unknwn
1116,unknwn
1117,unknwn
1118,unknwn
1119,unknwn
1120,unknwn
1121,unknwn
1122,unknwn
1123,unknwn
1124,unknwn
1125,unknwn
1126,unknwn
1127,unknwn
1128,unknwn
1129,unknwn
1130,unknwn
1131,unknwn
1132,unknwn
1133,unknwn
1134,unknwn
1135,unknwn
1136,unknwn
1137,unknwn
1138,unknwn
1139,unknwn
1140,unknwn
1141,unknwn
1142,unknwn
1143,unknwn
1144,unknwn
1145,unknwn
1146,unknwn
1147,unknwn
1148,unknwn
1149,unknwn
1150,unknwn
1151,unknwn
1152,unknwn
1153,unknwn
1154,unknwn
1155,unknwn
1156,unknwn
1157,unknwn
1158,unknwn
1159,unknwn
1160,unknwn
1161,unknwn
1162,unknwn
1163,unknwn
1164,unknwn
1165,unknwn
1166,unknwn
1167,unknwn
1168,unknwn
1169,unknwn
1170,unknwn
1171,unknwn
1172,unknwn
1173,unknwn
1174,unknwn
1175,unknwn
1176,unknwn
1177,unknwn
1178,unknwn
1179,unknwn
1180,unknwn
1181,unknwn
1182,unknwn
1183,unknwn
1184,unknwn
1185,unknwn
1186,unknwn
1187,unknwn
1188,unknwn
1189,unknwn
1190,unknwn
1191,unknwn
1192,unknwn
1193,unknwn
1194,unknwn
1195,unknwn
1196,unknwn
1197,unknwn
1198,unknwn
1199,unknwn
1200,unknwn
1201,unknwn
1202,unknwn
1203,unknwn
1204,unknwn
1205,unknwn
1206,unknwn
1207,unknwn
1208,unknwn
1209,unknwn
1210,unknwn
1211,unknwn
1212,unknwn
1213,unknwn
1214,unknwn
1215,unknwn
1216,unknwn
1217,unknwn
1218,unknwn
1219,unknwn
1220,unknwn
1221,unknwn
1222,unknwn
1223,unknwn
1224,unknwn
1225,unknwn
1226,unknwn
1227,unknwn
1228,unknwn
1229,unknwn
1230,unknwn
1231,unknwn
1232,unknwn
1233,unknwn
1234,unknwn
1235,unknwn
1236,unknwn
1237,unknwn
1238,unknwn
1239,unknwn
1240,unknwn
1241,unknwn
1242,unknwn
1243,unknwn
1244,unknwn
1245,unknwn
1246,unknwn
1247,unknwn
1248,unknwn
1249,unknwn
1250,unknwn
1251,unknwn
1252,unknwn
1253,unknwn
1254,unknwn
1255,unknwn
1256,unknwn
1257,unknwn
1258,unknwn
1259,unknwn
1260,unknwn
1261,unknwn
1262,unknwn
1263,unknwn
1264,unknwn
1265,unknwn
1266,unknwn
1267,unknwn
1268,unknwn
1269,unknwn
1270,unknwn
1271,unknwn
1272,unknwn
1273,unknwn
1274,unknwn
1275,unknwn
1276,unknwn
1277,unknwn
1278,unknwn
1279,unknwn
1280,unknwn
1281,unknwn
1282,unknwn
1283,unknwn
1284,unknwn
1285,unknwn
1286,unknwn
1287,unknwn
1288,unknwn
1289,unknwn
1290,unknwn
1291,unknwn
1292,unknwn
1293,unknwn
1294,unknwn
1295,unknwn
1296,unknwn
1297,unknwn
1298,unknwn
1299,unknwn
1300,unknwn
1301,unknwn
1302,unknwn
1303,unknwn
1304,unknwn
1305,unknwn
1306,unknwn
1307,unknwn
1308,unknwn
1309,unknwn
1310,unknwn
1311,unknwn
1312,unknwn
1313,unknwn
1314,unknwn
1315,unknwn
1316,unknwn
1317,unknwn
1318,unknwn
1319,unknwn
1320,unknwn
1321,unknwn
1322,unknwn
1323,unknwn
1324,unknwn
1325,unknwn
1326,unknwn
1327,unknwn
1328,unknwn
1329,unknwn
1330,unknwn
1331,unknwn
1332,unknwn
1333,unknwn
1334,unknwn
1335,unknwn
1336,unknwn
1337,unknwn
1338,unknwn
1339,unknwn
1340,unknwn
1341,unknwn
1342,unknwn
1343,unknwn
1344,unknwn
1345,unknwn
1346,unknwn
1347,unknwn
1348,unknwn
1349,unknwn
1350,unknwn
1351,unknwn
1352,unknwn
1353,unknwn
1354,unknwn
1355,unknwn
1356,unknwn
1357,unknwn
1358,unknwn
1359,unknwn
1360,unknwn
1361,unknwn
1362,unknwn
1363,unknwn
1364,unknwn
1365,unknwn
1366,unknwn
1367,unknwn
1368,unknwn
1369,unknwn
1370,unknwn
1371,unknwn
1372,unknwn
1373,unknwn
1374,unknwn
1375,unknwn
1376,unknwn
1377,unknwn
1378,unknwn
1379,unknwn
1380,unknwn
1381,unknwn
1382,unknwn
1383,unknwn
1384,unknwn
1385,unknwn
1386,unknwn
1387,unknwn
1388,unknwn
1389,unknwn
1390,unknwn
1391,unknwn
1392,unknwn
1393,unknwn
1394,unknwn
1395,unknwn
1396,unknwn
1397,unknwn
1398,unknwn
1399,unknwn
1400,unknwn
1401,unknwn
1402,unknwn
1403,unknwn
1404,unknwn
1405,unknwn
1406,unknwn
1407,unknwn
1408,unknwn
1409,unknwn
1410,unknwn
1411,unknwn
1412,unknwn
1413,unknwn
1414,unknwn
1415,unknwn
1416,unknwn
1417,unknwn
1418,unknwn
1419,unknwn
1420,unknwn
1421,unknwn
1422,unknwn
1423,unknwn
1424,unknwn
1425,unknwn
1426,unknwn
1427,unknwn
1428,unknwn
1429,unknwn
1430,unknwn
1431,unknwn
1432,unknwn
1433,unknwn
1434,unknwn
1435,unknwn
1436,unknwn
1437,unknwn
1438,unknwn
1439,unknwn
1440,unknwn
1441,unknwn
1442,unknwn
1443,unknwn
1444,unknwn
1445,unknwn
1446,unknwn
1447,unknwn
1448,unknwn
1449,unknwn
1450,unknwn
1451,unknwn
1452,unknwn
1453,unknwn
1454,unknwn
1455,unknwn
1456,unknwn
1457,unknwn
1458,unknwn
1459,unknwn
1460,unknwn
1461,unknwn
1462,unknwn
1463,unknwn
1464,unknwn
1465,unknwn
1466,unknwn
1467,unknwn
1468,unknwn
1469,unknwn
1470,unknwn
1471,unknwn
1472,unknwn
1473,unknwn
1474,unknwn
1475,unknwn
1476,unknwn
1477,unknwn
1478,unknwn
1479,unknwn
1480,unknwn
1481,unknwn
1482,unknwn
1483,unknwn
1484,unknwn
1485,unknwn
1486,unknwn
1487,unknwn
1488,unknwn
1489,unknwn
1490,unknwn
1491,unknwn
1492,unknwn
1493,unknwn
1494,unknwn
1495,unknwn
1496,unknwn
1497,unknwn
1498,unknwn
1499,unknwn
1500,unknwn
1501,unknwn
1502,unknwn
1503,unknwn
1504,unknwn
1505,unknwn
1506,unknwn
1507,unknwn
1508,unknwn
1509,unknwn
1510,unknwn
1511,unknwn
1512,unknwn
1513,unknwn
1514,unknwn
1515,unknwn
1516,unknwn
1517,unknwn
1518,unknwn
1519,unknwn
1520,unknwn
1521,unknwn
1522,unknwn
1523,unknwn
1524,unknwn
1525,unknwn
1526,unknwn
1527,unknwn
1528,unknwn
1529,unknwn
1530,unknwn
1531,unknwn
1532,unknwn
1533,unknwn
1534,unknwn
1535,unknwn
1536,unknwn
1537,unknwn
1538,unknwn
1539,unknwn
1540,unknwn
1541,unknwn
1542,unknwn
1543,unknwn
1544,unknwn
1545,unknwn
1546,unknwn
1547,unknwn
1548,unknwn
1549,unknwn
1550,unknwn
1551,unknwn
1552,unknwn
1553,unknwn
1554,unknwn
1555,unknwn
1556,unknwn
1557,unknwn
1558,unknwn
1559,unknwn
1560,unknwn
1561,unknwn
1562,unknwn
1563,unknwn
1564,unknwn
1565,unknwn
1566,unknwn
1567,unknwn
1568,unknwn
1569,unknwn
1570,unknwn
1571,unknwn
1572,unknwn
1573,unknwn
1574,unknwn
1575,unknwn
1576,unknwn
1577,unknwn
1578,unknwn
1579,unknwn
1580,unknwn
1581,unknwn
1582,unknwn
1583,unknwn
1584,unknwn
1585,unknwn
1586,unknwn
1587,unknwn
1588,unknwn
1589,unknwn
1590,unknwn
1591,unknwn
1592,unknwn
1593,unknwn
1594,unknwn
1595,unknwn
1596,unknwn
1597,unknwn
1598,unknwn
1599,unknwn
1600,unknwn
1601,unknwn
1602,unknwn
1603,unknwn
1604,unknwn
1605,unknwn
1606,unknwn
1607,unknwn
1608,unknwn
1609,unknwn
1610,unknwn
1611,unknwn
1612,unknwn
1613,unknwn
1614,unknwn
1615,unknwn
1616,unknwn
1617,unknwn
1618,unknwn
1619,unknwn
1620,unknwn
1621,unknwn
1622,unknwn
1623,unknwn
1624,unknwn
1625,unknwn
1626,unknwn
1627,unknwn
1628,unknwn
1629,unknwn
1630,unknwn
1631,unknwn
1632,unknwn
1633,unknwn
1634,unknwn
1635,unknwn
1636,unknwn
1637,unknwn
1638,unknwn
1639,unknwn
1640,unknwn
1641,unknwn
1642,unknwn
1643,unknwn
1644,unknwn
1645,unknwn
1646,unknwn
1647,unknwn
1648,unknwn
1649,unknwn
1650,unknwn
1651,unknwn
1652,unknwn
1653,unknwn
1654,unknwn
1655,unknwn
1656,unknwn
1657,unknwn
1658,unknwn
1659,unknwn
1660,unknwn
1661,unknwn
1662,unknwn
1663,unknwn
1664,unknwn
1665,unknwn
1666,unknwn
1667,unknwn
1668,unknwn
1669,unknwn
1670,unknwn
1671,unknwn
1672,unknwn
1673,unknwn
1674,unknwn
1675,unknwn
1676,unknwn
1677,unknwn
1678,unknwn
1679,unknwn
1680,unknwn
1681,unknwn
1682,unknwn
1683,unknwn
1684,unknwn
1685,unknwn
1686,unknwn
1687,unknwn
1688,unknwn
1689,unknwn
1690,unknwn
1691,unknwn
1692,unknwn
1693,unknwn
1694,unknwn
1695,unknwn
1696,unknwn
1697,unknwn
1698,unknwn
1699,unknwn
1700,unknwn
1701,unknwn
1702,unknwn
1703,unknwn
1704,unknwn
1705,unknwn
1706,unknwn
1707,unknwn
1708,unknwn
1709,unknwn
1710,unknwn
1711,unknwn
1712,unknwn
1713,unknwn
1714,unknwn
1715,unknwn
1716,unknwn
1717,unknwn
1718,unknwn
1719,unknwn
1720,unknwn
1721,unknwn
1722,unknwn
1723,unknwn
1724,unknwn
1725,unknwn
1726,unknwn
1727,unknwn
1728,unknwn
1729,unknwn
1730,unknwn
1731,unknwn
1732,unknwn
1733,unknwn
1734,unknwn
1735,unknwn
1736,unknwn
1737,unknwn
1738,unknwn
1739,unknwn
1740,unknwn
1741,unknwn
1742,unknwn
1743,unknwn
1744,unknwn
1745,unknwn
1746,unknwn
1747,unknwn
1748,unknwn
1749,unknwn
1750,unknwn
1751,unknwn
1752,unknwn
1753,unknwn
1754,unknwn
1755,unknwn
1756,unknwn
1757,unknwn
1758,unknwn
1759,unknwn
1760,unknwn
1761,unknwn
1762,unknwn
1763,unknwn
1764,unknwn
1765,unknwn
1766,unknwn
1767,unknwn
1768,unknwn
1769,unknwn
1770,unknwn
1771,unknwn
1772,unknwn
1773,unknwn
1774,unknwn
1775,unknwn
1776,unknwn
1777,unknwn
1778,unknwn
1779,unknwn
1780,unknwn
1781,unknwn
1782,unknwn
1783,unknwn
1784,unknwn
1785,unknwn
1786,unknwn
1787,unknwn
1788,unknwn
1789,unknwn
1790,unknwn
1791,unknwn
1792,unknwn
1793,unknwn
1794,unknwn
1795,unknwn
1796,unknwn
1797,unknwn
1798,unknwn
1799,unknwn
1800,unknwn
1801,unknwn
1802,unknwn
1803,unknwn
1804,unknwn
1805,unknwn
1806,unknwn
1807,unknwn
1808,unknwn
1809,unknwn
1810,unknwn
1811,unknwn
1812,unknwn
1813,unknwn
1814,unknwn
1815,unknwn
1816,unknwn
1817,unknwn
1818,unknwn
1819,unknwn
1820,unknwn
1821,unknwn
1822,unknwn
1823,unknwn
1824,unknwn
1825,unknwn
1826,unknwn
1827,unknwn
1828,unknwn
1829,unknwn
1830,unknwn
1831,unknwn
1832,unknwn
1833,unknwn
1834,unknwn
1835,unknwn
1836,unknwn
1837,unknwn
1838,unknwn
1839,unknwn
1840,unknwn
1841,unknwn
1842,unknwn
1843,unknwn
1844,unknwn
1845,unknwn
1846,unknwn
1847,unknwn
1848,unknwn
1849,unknwn
1850,unknwn
1851,unknwn
1852,unknwn
1853,unknwn
1854,unknwn
1855,unknwn
1856,unknwn
1857,unknwn
1858,unknwn
1859,unknwn
1860,unknwn
1861,unknwn
1862,unknwn
1863,unknwn
1864,unknwn
1865,unknwn
1866,unknwn
1867,unknwn
1868,unknwn
1869,unknwn
1870,unknwn
1871,unknwn
1872,unknwn
1873,unknwn
1874,unknwn
1875,unknwn
1876,unknwn
1877,unknwn
1878,unknwn
1879,unknwn
1880,unknwn
1881,unknwn
1882,unknwn
1883,unknwn
1884,unknwn
1885,unknwn
1886,unknwn
1887,unknwn
1888,unknwn
1889,unknwn
1890,unknwn
1891,unknwn
1892,unknwn
1893,unknwn
1894,unknwn
1895,unknwn
1896,unknwn
1897,unknwn
1898,unknwn
1899,unknwn
1900,unknwn
1901,unknwn
1902,unknwn
1903,unknwn
1904,unknwn
1905,unknwn
1906,unknwn
1907,unknwn
1908,unknwn
1909,unknwn
1910,unknwn
1911,unknwn
1912,unknwn
1913,unknwn
1914,unknwn
1915,unknwn
1916,unknwn
1917,unknwn
1918,unknwn
1919,unknwn
1920,unknwn
1921,unknwn
1922,unknwn
1923,unknwn
1924,unknwn
1925,unknwn
1926,unknwn
1927,unknwn
1928,unknwn
1929,unknwn
1930,unknwn
1931,unknwn
1932,unknwn
1933,unknwn
1934,unknwn
1935,unknwn
1936,unknwn
1937,unknwn
1938,unknwn
1939,unknwn
1940,unknwn
1941,unknwn
1942,unknwn
1943,unknwn
1944,unknwn
1945,unknwn
1946,unknwn
1947,unknwn
1948,unknwn
1949,unknwn
1950,unknwn
1951,unknwn
1952,unknwn
1953,unknwn
1954,unknwn
1955,unknwn
1956,unknwn
1957,unknwn
1958,unknwn
1959,unknwn
1960,unknwn
1961,unknwn
1962,unknwn
1963,unknwn
1964,unknwn
1965,unknwn
1966,unknwn
1967,unknwn
1968,unknwn
1969,unknwn
1970,unknwn
1971,unknwn
1972,unknwn
1973,unknwn
1974,unknwn
1975,unknwn
1976,unknwn
1977,unknwn
1978,unknwn
1979,unknwn
1980,unknwn
1981,unknwn
1982,unknwn
1983,unknwn
1984,unknwn
1985,unknwn
1986,unknwn
1987,unknwn
1988,unknwn
1989,unknwn
1990,unknwn
1991,unknwn
1992,unknwn
1993,unknwn
1994,unknwn
1995,unknwn
1996,unknwn
1997,unknwn
1998,unknwn
1999,unknwn
2000,unknwn
2001,unknwn
2002,unknwn
2003,unknwn
2004,unknwn
2005,unknwn
2006,unknwn
2007,unknwn
2008,unknwn
2009,unknwn
2010,unknwn
2011,unknwn
2012,unknwn
2013,unknwn
2014,unknwn
2015,unknwn
2016,unknwn
2017,unknwn
2018,unknwn
2019,unknwn
2020,unknwn
2021,unknwn
2022,unknwn
2023,unknwn
2024,unknwn
2025,unknwn
2026,unknwn
2027,unknwn
2028,unknwn
2029,unknwn
2030,unknwn
2031,unknwn
2032,unknwn
2033,unknwn
2034,unknwn
2035,unknwn
2036,unknwn
2037,unknwn
2038,unknwn
2039,unknwn
2040,unknwn
2041,unknwn
2042,unknwn
2043,unknwn
2044,unknwn
2045,unknwn
2046,unknwn
2047,unknwn
2048,unknwn
2049,unknwn
2050,unknwn
2051,unknwn
2052,unknwn
2053,unknwn
2054,unknwn
2055,unknwn
2056,unknwn
2057,unknwn
2058,unknwn
2059,unknwn
2060,unknwn
2061,unknwn
2062,unknwn
2063,unknwn
2064,unknwn
2065,unknwn
2066,unknwn
2067,unknwn
2068,unknwn
2069,unknwn
2070,unknwn
2071,unknwn
2072,unknwn
2073,unknwn
2074,unknwn
2075,unknwn
2076,unknwn
2077,unknwn
2078,unknwn
2079,unknwn
2080,unknwn
2081,unknwn
2082,unknwn
2083,unknwn
2084,unknwn
2085,unknwn
2086,unknwn
2087,unknwn
2088,unknwn
2089,unknwn
2090,unknwn
2091,unknwn
2092,unknwn
2093,unknwn
2094,unknwn
2095,unknwn
2096,unknwn
2097,unknwn
2098,unknwn
2099,unknwn
2100,unknwn
2101,unknwn
2102,unknwn
2103,unknwn
2104,unknwn
2105,unknwn
2106,unknwn
2107,unknwn
2108,unknwn
2109,unknwn
2110,unknwn
2111,unknwn
2112,unknwn
2113,unknwn
2114,unknwn
2115,unknwn
2116,unknwn
2117,unknwn
2118,unknwn
2119,unknwn
2120,unknwn
2121,unknwn
2122,unknwn
2123,unknwn
2124,unknwn
2125,unknwn
2126,unknwn
2127,unknwn
2128,unknwn
2129,unknwn
2130,unknwn
2131,unknwn
2132,unknwn
2133,unknwn
2134,unknwn
2135,unknwn
2136,unknwn
2137,unknwn
2138,unknwn
2139,unknwn
2140,unknwn
2141,unknwn
2142,unknwn
2143,unknwn
2144,unknwn
2145,unknwn
2146,unknwn
2147,unknwn
2148,unknwn
2149,unknwn
2150,unknwn
2151,unknwn
2152,unknwn
2153,unknwn
2154,unknwn
2155,unknwn
2156,unknwn
2157,unknwn
2158,unknwn
2159,unknwn
2160,unknwn
2161,unknwn
2162,unknwn
2163,unknwn
2164,unknwn
2165,unknwn
2166,unknwn
2167,unknwn
2168,unknwn
2169,unknwn
2170,unknwn
2171,unknwn
2172,unknwn
2173,unknwn
2174,unknwn
2175,unknwn
2176,unknwn
2177,unknwn
2178,unknwn
2179,unknwn
2180,unknwn
2181,unknwn
2182,unknwn
2183,unknwn
2184,unknwn
2185,unknwn
2186,unknwn
2187,unknwn
2188,unknwn
2189,unknwn
2190,unknwn
2191,unknwn
2192,unknwn
2193,unknwn
2194,unknwn
2195,unknwn
2196,unknwn
2197,unknwn
2198,unknwn
2199,unknwn
2200,unknwn
2201,unknwn
2202,unknwn
2203,unknwn
2204,unknwn
2205,unknwn
2206,unknwn
2207,unknwn
2208,unknwn
2209,unknwn
2210,unknwn
2211,unknwn
2212,unknwn
2213,unknwn
2214,unknwn
2215,unknwn
2216,unknwn
2217,unknwn
2218,unknwn
2219,unknwn
2220,unknwn
2221,unknwn
2222,unknwn
2223,unknwn
2224,unknwn
2225,unknwn
2226,unknwn
2227,unknwn
2228,unknwn
2229,unknwn
2230,unknwn
2231,unknwn
2232,unknwn
2233,unknwn
2234,unknwn
2235,unknwn
2236,unknwn
2237,unknwn
2238,unknwn
2239,unknwn
2240,unknwn
2241,unknwn
2242,unknwn
2243,unknwn
2244,unknwn
2245,unknwn
2246,unknwn
2247,unknwn
2248,unknwn
2249,unknwn
2250,unknwn
2251,unknwn
2252,unknwn
2253,unknwn
2254,unknwn
2255,unknwn
2256,unknwn
2257,unknwn
2258,unknwn
2259,unknwn
2260,unknwn
2261,unknwn
2262,unknwn
2263,unknwn
2264,unknwn
2265,unknwn
2266,unknwn
2267,unknwn
2268,unknwn
2269,unknwn
2270,unknwn
2271,unknwn
2272,unknwn
2273,unknwn
2274,unknwn
2275,unknwn
2276,unknwn
2277,unknwn
2278,unknwn
2279,unknwn
2280,unknwn
2281,unknwn
2282,unknwn
2283,unknwn
2284,unknwn
2285,unknwn
2286,unknwn
2287,unknwn
2288,unknwn
2289,unknwn
2290,unknwn
2291,unknwn
2292,unknwn
2293,unknwn
2294,unknwn
2295,unknwn
2296,unknwn
2297,unknwn
2298,unknwn
2299,unknwn
2300,unknwn
2301,unknwn
2302,unknwn
2303,unknwn
2304,unknwn
2305,unknwn
2306,unknwn
2307,unknwn
2308,unknwn
2309,unknwn
2310,unknwn
2311,unknwn
2312,unknwn
2313,unknwn
2314,unknwn
2315,unknwn
2316,unknwn
2317,unknwn
2318,unknwn
2319,unknwn
2320,unknwn
2321,unknwn
2322,unknwn
2323,unknwn
2324,unknwn
2325,unknwn
2326,unknwn
2327,unknwn
2328,unknwn
2329,unknwn
2330,unknwn
2331,unknwn
2332,unknwn
2333,unknwn
2334,unknwn
2335,unknwn
2336,unknwn
2337,unknwn
2338,unknwn
2339,unknwn
2340,unknwn
2341,unknwn
2342,unknwn
2343,unknwn
2344,unknwn
2345,unknwn
2346,unknwn
2347,unknwn
2348,unknwn
2349,unknwn
2350,unknwn
2351,unknwn
2352,unknwn
2353,unknwn
2354,unknwn
2355,unknwn
2356,unknwn
2357,unknwn
2358,unknwn
2359,unknwn
2360,unknwn
2361,unknwn
2362,unknwn
2363,unknwn
2364,unknwn
2365,unknwn
2366,unknwn
2367,unknwn
2368,unknwn
2369,unknwn
2370,unknwn
2371,unknwn
2372,unknwn
2373,unknwn
2374,unknwn
2375,unknwn
2376,unknwn
2377,unknwn
2378,unknwn
2379,unknwn
2380,unknwn
2381,unknwn
2382,unknwn
2383,unknwn
2384,unknwn
2385,unknwn
2386,unknwn
2387,unknwn
2388,unknwn
2389,unknwn
2390,unknwn
2391,unknwn
2392,unknwn
2393,unknwn
2394,unknwn
2395,unknwn
2396,unknwn
2397,unknwn
2398,unknwn
2399,unknwn
2400,unknwn
2401,unknwn
2402,unknwn
2403,unknwn
2404,unknwn
2405,unknwn
2406,unknwn
2407,unknwn
2408,unknwn
2409,unknwn
2410,unknwn
2411,unknwn
2412,unknwn
2413,unknwn
2414,unknwn
2415,unknwn
2416,unknwn
2417,unknwn
2418,unknwn
2419,unknwn
2420,unknwn
2421,unknwn
2422,unknwn
2423,unknwn
2424,unknwn
2425,unknwn
2426,unknwn
2427,unknwn
2428,unknwn
2429,unknwn
2430,unknwn
2431,unknwn
2432,unknwn
2433,unknwn
2434,unknwn
2435,unknwn
2436,unknwn
2437,unknwn
2438,unknwn
2439,unknwn
2440,unknwn
2441,unknwn
2442,unknwn
2443,unknwn
2444,unknwn
2445,unknwn
2446,unknwn
2447,unknwn
2448,unknwn
2449,unknwn
2450,unknwn
2451,unknwn
2452,unknwn
2453,unknwn
2454,unknwn
2455,unknwn
2456,unknwn
2457,unknwn
2458,unknwn
2459,unknwn
2460,unknwn
2461,unknwn
2462,unknwn
2463,unknwn
2464,unknwn
2465,unknwn
2466,unknwn
2467,unknwn
2468,unknwn
2469,unknwn
2470,unknwn
2471,unknwn
2472,unknwn
2473,unknwn
2474,unknwn
2475,unknwn
2476,unknwn
2477,unknwn
2478,unknwn
2479,unknwn
2480,unknwn
2481,unknwn
2482,unknwn
2483,unknwn
2484,unknwn
2485,unknwn
2486,unknwn
2487,unknwn
2488,unknwn
2489,unknwn
2490,unknwn
2491,unknwn
2492,unknwn
2493,unknwn
2494,unknwn
2495,unknwn
2496,unknwn
2497,unknwn
2498,unknwn
2499,unknwn
2500,unknwn
2501,unknwn
2502,unknwn
2503,unknwn
2504,unknwn
2505,unknwn
2506,unknwn
2507,unknwn
2508,unknwn
2509,unknwn
2510,unknwn
2511,unknwn
2512,unknwn
2513,unknwn
2514,unknwn
2515,unknwn
2516,unknwn
2517,unknwn
2518,unknwn
2519,unknwn
2520,unknwn
2521,unknwn
2522,unknwn
2523,unknwn
2524,unknwn
2525,unknwn
2526,unknwn
2527,unknwn
2528,unknwn
2529,unknwn
2530,unknwn
2531,unknwn
2532,unknwn
2533,unknwn
2534,unknwn
2535,unknwn
2536,unknwn
2537,unknwn
2538,unknwn
2539,unknwn
2540,unknwn
2541,unknwn
2542,unknwn
2543,unknwn
2544,unknwn
2545,unknwn
2546,unknwn
2547,unknwn
2548,unknwn
2549,unknwn
2550,unknwn
2551,unknwn
2552,unknwn
2553,unknwn
2554,unknwn
2555,unknwn
2556,unknwn
2557,unknwn
2558,unknwn
2559,unknwn
2560,unknwn
2561,unknwn
2562,unknwn
2563,unknwn
2564,unknwn
2565,unknwn
2566,unknwn
2567,unknwn
2568,unknwn
2569,unknwn
2570,unknwn
2571,unknwn
2572,unknwn
2573,unknwn
2574,unknwn
2575,unknwn
2576,unknwn
2577,unknwn
2578,unknwn
2579,unknwn
2580,unknwn
2581,unknwn
2582,unknwn
2583,unknwn
2584,unknwn
2585,unknwn
2586,unknwn
2587,unknwn
2588,unknwn
2589,unknwn
2590,unknwn
2591,unknwn
2592,unknwn
2593,unknwn
2594,unknwn
2595,unknwn
2596,unknwn
2597,unknwn
2598,unknwn
2599,unknwn
2600,unknwn
2601,unknwn
2602,unknwn
2603,unknwn
2604,unknwn
2605,unknwn
2606,unknwn
2607,unknwn
2608,unknwn
2609,unknwn
2610,unknwn
2611,unknwn
2612,unknwn
2613,unknwn
2614,unknwn
2615,unknwn
2616,unknwn
2617,unknwn
2618,unknwn
2619,unknwn
2620,unknwn
2621,unknwn
2622,unknwn
2623,unknwn
2624,unknwn
2625,unknwn
2626,unknwn
2627,unknwn
2628,unknwn
2629,unknwn
2630,unknwn
2631,unknwn
2632,unknwn
2633,unknwn
2634,unknwn
2635,unknwn
2636,unknwn
2637,unknwn
2638,unknwn
2639,unknwn
2640,unknwn
2641,unknwn
2642,unknwn
2643,unknwn
2644,unknwn
2645,unknwn
2646,unknwn
2647,unknwn
2648,unknwn
2649,unknwn
2650,unknwn
2651,unknwn
2652,unknwn
2653,unknwn
2654,unknwn
2655,unknwn
2656,unknwn
2657,unknwn
2658,unknwn
2659,unknwn
2660,unknwn
2661,unknwn
2662,unknwn
2663,unknwn
2664,unknwn
2665,unknwn
2666,unknwn
2667,unknwn
2668,unknwn
2669,unknwn
2670,unknwn
2671,unknwn
2672,unknwn
2673,unknwn
2674,unknwn
2675,unknwn
2676,unknwn
2677,unknwn
2678,unknwn
2679,unknwn
2680,unknwn
2681,unknwn
2682,unknwn
2683,unknwn
2684,unknwn
2685,unknwn
2686,unknwn
2687,unknwn
2688,unknwn
2689,unknwn
2690,unknwn
2691,unknwn
2692,unknwn
2693,unknwn
2694,unknwn
2695,unknwn
2696,unknwn
2697,unknwn
2698,unknwn
2699,unknwn
2700,unknwn
2701,unknwn
2702,unknwn
2703,unknwn
2704,unknwn
2705,unknwn
2706,unknwn
2707,unknwn
2708,unknwn
2709,unknwn
2710,unknwn
2711,unknwn
2712,unknwn
2713,unknwn
2714,unknwn
2715,unknwn
2716,unknwn
2717,unknwn
2718,unknwn
2719,unknwn
2720,unknwn
2721,unknwn
2722,unknwn
2723,unknwn
2724,unknwn
2725,unknwn
2726,unknwn
2727,unknwn
2728,unknwn
2729,unknwn
2730,unknwn
2731,unknwn
2732,unknwn
2733,unknwn
2734,unknwn
2735,unknwn
2736,unknwn
2737,unknwn
2738,unknwn
2739,unknwn
2740,unknwn
2741,unknwn
2742,unknwn
2743,unknwn
2744,unknwn
2745,unknwn
2746,unknwn
2747,unknwn
2748,unknwn
2749,unknwn
2750,unknwn
2751,unknwn
2752,unknwn
2753,unknwn
2754,unknwn
2755,unknwn
2756,unknwn
2757,unknwn
2758,unknwn
2759,unknwn
2760,unknwn
2761,unknwn
2762,unknwn
2763,unknwn
2764,unknwn
2765,unknwn
2766,unknwn
2767,unknwn
2768,unknwn
2769,unknwn
2770,unknwn
2771,unknwn
2772,unknwn
2773,unknwn
2774,unknwn
2775,unknwn
2776,unknwn
2777,unknwn
2778,unknwn
2779,unknwn
2780,unknwn
2781,unknwn
2782,unknwn
2783,unknwn
2784,unknwn
2785,unknwn
2786,unknwn
2787,unknwn
2788,unknwn
2789,unknwn
2790,unknwn
2791,unknwn
2792,unknwn
2793,unknwn
2794,unknwn
2795,unknwn
2796,unknwn
2797,unknwn
2798,unknwn
2799,unknwn
2800,unknwn
2801,unknwn
2802,unknwn
2803,unknwn
2804,unknwn
2805,unknwn
2806,unknwn
2807,unknwn
2808,unknwn
2809,unknwn
2810,unknwn
2811,unknwn
2812,unknwn
2813,unknwn
2814,unknwn
2815,unknwn
2816,unknwn
2817,unknwn
2818,unknwn
2819,unknwn
2820,unknwn
2821,unknwn
2822,unknwn
2823,unknwn
2824,unknwn
2825,unknwn
2826,unknwn
2827,unknwn
2828,unknwn
2829,unknwn
2830,unknwn
2831,unknwn
2832,unknwn
2833,unknwn
2834,unknwn
2835,unknwn
2836,unknwn
2837,unknwn
2838,unknwn
2839,unknwn
2840,unknwn
2841,unknwn
2842,unknwn
2843,unknwn
2844,unknwn
2845,unknwn
2846,unknwn
2847,unknwn
2848,unknwn
2849,unknwn
2850,unknwn
2851,unknwn
2852,unknwn
2853,unknwn
2854,unknwn
2855,unknwn
2856,unknwn
2857,unknwn
2858,unknwn
2859,unknwn
2860,unknwn
2861,unknwn
2862,unknwn
2863,unknwn
2864,unknwn
2865,unknwn
2866,unknwn
2867,unknwn
2868,unknwn
2869,unknwn
2870,unknwn
2871,unknwn
2872,unknwn
2873,unknwn
2874,unknwn
2875,unknwn
2876,unknwn
2877,unknwn
2878,unknwn
2879,unknwn
2880,unknwn
2881,unknwn
2882,unknwn
2883,unknwn
2884,unknwn
2885,unknwn
2886,unknwn
2887,unknwn
2888,unknwn
2889,unknwn
2890,unknwn
2891,unknwn
2892,unknwn
2893,unknwn
2894,unknwn
2895,unknwn
2896,unknwn
2897,unknwn
2898,unknwn
2899,unknwn
2900,unknwn
2901,unknwn
2902,unknwn
2903,unknwn
2904,unknwn
2905,unknwn
2906,unknwn
2907,unknwn
2908,unknwn
2909,unknwn
2910,unknwn
2911,unknwn
2912,unknwn
2913,unknwn
2914,unknwn
2915,unknwn
2916,unknwn
2917,unknwn
2918,unknwn
2919,unknwn
2920,unknwn
2921,unknwn
2922,unknwn
2923,unknwn
2924,unknwn
2925,unknwn
2926,unknwn
2927,unknwn
2928,unknwn
2929,unknwn
2930,unknwn
2931,unknwn
2932,unknwn
2933,unknwn
2934,unknwn
2935,unknwn
2936,unknwn
2937,unknwn
2938,unknwn
2939,unknwn
2940,unknwn
2941,unknwn
2942,unknwn
2943,unknwn
2944,unknwn
2945,unknwn
2946,unknwn
2947,unknwn
2948,unknwn
2949,unknwn
2950,unknwn
2951,unknwn
2952,unknwn
2953,unknwn
2954,unknwn
2955,unknwn
2956,unknwn
2957,unknwn
2958,unknwn
2959,unknwn
2960,unknwn
2961,unknwn
2962,unknwn
2963,unknwn
2964,unknwn
2965,unknwn
2966,unknwn
2967,unknwn
2968,unknwn
2969,unknwn
2970,unknwn
2971,unknwn
2972,unknwn
2973,unknwn
2974,unknwn
2975,unknwn
2976,unknwn
2977,unknwn
2978,unknwn
2979,unknwn
2980,unknwn
2981,unknwn
2982,unknwn
2983,unknwn
2984,unknwn
2985,unknwn
2986,unknwn
2987,unknwn
2988,unknwn
2989,unknwn
2990,unknwn
2991,unknwn
2992,unknwn
2993,unknwn
2994,unknwn
2995,unknwn
2996,unknwn
2997,unknwn
2998,unknwn
2999,unknwn
3000,unknwn
3001,unknwn
3002,unknwn
3003,unknwn
3004,unknwn
3005,unknwn
3006,unknwn
3007,unknwn
3008,unknwn
3009,unknwn
3010,unknwn
3011,unknwn
3012,unknwn
3013,unknwn
3014,unknwn
3015,unknwn
3016,unknwn
3017,unknwn
3018,unknwn
3019,unknwn
3020,unknwn
3021,unknwn
3022,unknwn
3023,unknwn
3024,unknwn
3025,unknwn
3026,unknwn
3027,unknwn
3028,unknwn
3029,unknwn
3030,unknwn
3031,unknwn
3032,unknwn
3033,unknwn
3034,unknwn
3035,unknwn
3036,unknwn
3037,unknwn
3038,unknwn
3039,unknwn
3040,unknwn
3041,unknwn
3042,unknwn
3043,unknwn
3044,unknwn
3045,unknwn
3046,unknwn
3047,unknwn
3048,unknwn
3049,unknwn
3050,unknwn
3051,unknwn
3052,unknwn
3053,unknwn
3054,unknwn
3055,unknwn
3056,unknwn
3057,unknwn
3058,unknwn
3059,unknwn
3060,unknwn
3061,unknwn
3062,unknwn
3063,unknwn
3064,unknwn
3065,unknwn
3066,unknwn
3067,unknwn
3068,unknwn
3069,unknwn
3070,unknwn
3071,unknwn
3072,unknwn
3073,unknwn
3074,unknwn
3075,unknwn
3076,unknwn
3077,unknwn
3078,unknwn
3079,unknwn
3080,unknwn
3081,unknwn
3082,unknwn
3083,unknwn
3084,unknwn
3085,unknwn
3086,unknwn
3087,unknwn
3088,unknwn
3089,unknwn
3090,unknwn
3091,unknwn
3092,unknwn
3093,unknwn
3094,unknwn
3095,unknwn
3096,unknwn
3097,unknwn
3098,unknwn
3099,unknwn
3100,unknwn
3101,unknwn
3102,unknwn
3103,unknwn
3104,unknwn
3105,unknwn
3106,unknwn
3107,unknwn
3108,unknwn
3109,unknwn
3110,unknwn
3111,unknwn
3112,unknwn
3113,unknwn
3114,unknwn
3115,unknwn
3116,unknwn
3117,unknwn
3118,unknwn
3119,unknwn
3120,unknwn
3121,unknwn
3122,unknwn
3123,unknwn
3124,unknwn
3125,unknwn
3126,unknwn
3127,unknwn
3128,unknwn
3129,unknwn
3130,unknwn
3131,unknwn
3132,unknwn
3133,unknwn
3134,unknwn
3135,unknwn
3136,unknwn
3137,unknwn
3138,unknwn
3139,unknwn
3140,unknwn
3141,unknwn
3142,unknwn
3143,unknwn
3144,unknwn
3145,unknwn
3146,unknwn
3147,unknwn
3148,unknwn
3149,unknwn
3150,unknwn
3151,unknwn
3152,unknwn
3153,unknwn
3154,unknwn
3155,unknwn
3156,unknwn
3157,unknwn
3158,unknwn
3159,unknwn
3160,unknwn
3161,unknwn
3162,unknwn
3163,unknwn
3164,unknwn
3165,unknwn
3166,unknwn
3167,unknwn
3168,unknwn
3169,unknwn
3170,unknwn
3171,unknwn
3172,unknwn
3173,unknwn
3174,unknwn
3175,unknwn
3176,unknwn
3177,unknwn
3178,unknwn
3179,unknwn
3180,unknwn
3181,unknwn
3182,unknwn
3183,unknwn
3184,unknwn
3185,unknwn
3186,unknwn
3187,unknwn
3188,unknwn
3189,unknwn
3190,unknwn
3191,unknwn
3192,unknwn
3193,unknwn
3194,unknwn
3195,unknwn
3196,unknwn
3197,unknwn
3198,unknwn
3199,unknwn
3200,unknwn
3201,unknwn
3202,unknwn
3203,unknwn
3204,unknwn
3205,unknwn
3206,unknwn
3207,unknwn
3208,unknwn
3209,unknwn
3210,unknwn
3211,unknwn
3212,unknwn
3213,unknwn
3214,unknwn
3215,unknwn
3216,unknwn
3217,unknwn
3218,unknwn
3219,unknwn
3220,unknwn
3221,unknwn
3222,unknwn
3223,unknwn
3224,unknwn
3225,unknwn
3226,unknwn
3227,unknwn
3228,unknwn
3229,unknwn
3230,unknwn
3231,unknwn
3232,unknwn
3233,unknwn
3234,unknwn
3235,unknwn
3236,unknwn
3237,unknwn
3238,unknwn
3239,unknwn
3240,unknwn
3241,unknwn
3242,unknwn
3243,unknwn
3244,unknwn
3245,unknwn
3246,unknwn
3247,unknwn
3248,unknwn
3249,unknwn
3250,unknwn
3251,unknwn
3252,unknwn
3253,unknwn
3254,unknwn
3255,unknwn
3256,unknwn
3257,unknwn
3258,unknwn
3259,unknwn
3260,unknwn
3261,unknwn
3262,unknwn
3263,unknwn
3264,unknwn
3265,unknwn
3266,unknwn
3267,unknwn
3268,unknwn
3269,unknwn
3270,unknwn
3271,unknwn
3272,unknwn
3273,unknwn
3274,unknwn
3275,unknwn
3276,unknwn
3277,unknwn
3278,unknwn
3279,unknwn
3280,unknwn
3281,unknwn
3282,unknwn
3283,unknwn
3284,unknwn
3285,unknwn
3286,unknwn
3287,unknwn
3288,unknwn
3289,unknwn
3290,unknwn
3291,unknwn
3292,unknwn
3293,unknwn
3294,unknwn
3295,unknwn
3296,unknwn
3297,unknwn
3298,unknwn
3299,unknwn
3300,unknwn
3301,unknwn
3302,unknwn
3303,unknwn
3304,unknwn
3305,unknwn
3306,unknwn
3307,unknwn
3308,unknwn
3309,unknwn
3310,unknwn
3311,unknwn
3312,unknwn
3313,unknwn
3314,unknwn
3315,unknwn
3316,unknwn
3317,unknwn
3318,unknwn
3319,unknwn
3320,unknwn
3321,unknwn
3322,unknwn
3323,unknwn
3324,unknwn
3325,unknwn
3326,unknwn
3327,unknwn
3328,unknwn
3329,unknwn
3330,unknwn
3331,unknwn
3332,unknwn
3333,unknwn
3334,unknwn
3335,unknwn
3336,unknwn
3337,unknwn
3338,unknwn
3339,unknwn
3340,unknwn
3341,unknwn
3342,unknwn
3343,unknwn
3344,unknwn
3345,unknwn
3346,unknwn
3347,unknwn
3348,unknwn
3349,unknwn
3350,unknwn
3351,unknwn
3352,unknwn
3353,unknwn
3354,unknwn
3355,unknwn
3356,unknwn
3357,unknwn
3358,unknwn
3359,unknwn
3360,unknwn
3361,unknwn
3362,unknwn
3363,unknwn
3364,unknwn
3365,unknwn
3366,unknwn
3367,unknwn
3368,unknwn
3369,unknwn
3370,unknwn
3371,unknwn
3372,unknwn
3373,unknwn
3374,unknwn
3375,unknwn
3376,unknwn
3377,unknwn
3378,unknwn
3379,unknwn
3380,unknwn
3381,unknwn
3382,unknwn
3383,unknwn
3384,unknwn
3385,unknwn
3386,unknwn
3387,unknwn
3388,unknwn
3389,unknwn
3390,unknwn
3391,unknwn
3392,unknwn
3393,unknwn
3394,unknwn
3395,unknwn
3396,unknwn
3397,unknwn
3398,unknwn
3399,unknwn
3400,unknwn
3401,unknwn
3402,unknwn
3403,unknwn
3404,unknwn
3405,unknwn
3406,unknwn
3407,unknwn
3408,unknwn
3409,unknwn
3410,unknwn
3411,unknwn
3412,unknwn
3413,unknwn
3414,unknwn
3415,unknwn
3416,unknwn
3417,unknwn
3418,unknwn
3419,unknwn
3420,unknwn
3421,unknwn
3422,unknwn
3423,unknwn
3424,unknwn
3425,unknwn
3426,unknwn
3427,unknwn
3428,unknwn
3429,unknwn
3430,unknwn
3431,unknwn
3432,unknwn
3433,unknwn
3434,unknwn
3435,unknwn
3436,unknwn
3437,unknwn
3438,unknwn
3439,unknwn
3440,unknwn
3441,unknwn
3442,unknwn
3443,unknwn
3444,unknwn
3445,unknwn
3446,unknwn
3447,unknwn
3448,unknwn
3449,unknwn
3450,unknwn
3451,unknwn
3452,unknwn
3453,unknwn
3454,unknwn
3455,unknwn
3456,unknwn
3457,unknwn
3458,unknwn
3459,unknwn
3460,unknwn
3461,unknwn
3462,unknwn
3463,unknwn
3464,unknwn
3465,unknwn
3466,unknwn
3467,unknwn
3468,unknwn
3469,unknwn
3470,unknwn
3471,unknwn
3472,unknwn
3473,unknwn
3474,unknwn
3475,unknwn
3476,unknwn
3477,unknwn
3478,unknwn
3479,unknwn
3480,unknwn
3481,unknwn
3482,unknwn
3483,unknwn
3484,unknwn
3485,unknwn
3486,unknwn
3487,unknwn
3488,unknwn
3489,unknwn
3490,unknwn
3491,unknwn
3492,unknwn
3493,unknwn
3494,unknwn
3495,unknwn
3496,unknwn
3497,unknwn
3498,unknwn
3499,unknwn
3500,unknwn
3501,unknwn
3502,unknwn
3503,unknwn
3504,unknwn
3505,unknwn
3506,unknwn
3507,unknwn
3508,unknwn
3509,unknwn
3510,unknwn
3511,unknwn
3512,unknwn
3513,unknwn
3514,unknwn
3515,unknwn
3516,unknwn
3517,unknwn
3518,unknwn
3519,unknwn
3520,unknwn
3521,unknwn
3522,unknwn
3523,unknwn
3524,unknwn
3525,unknwn
3526,unknwn
3527,unknwn
3528,unknwn
3529,unknwn
3530,unknwn
3531,unknwn
3532,unknwn
3533,unknwn
3534,unknwn
3535,unknwn
3536,unknwn
3537,unknwn
3538,unknwn
3539,unknwn
3540,unknwn
3541,unknwn
3542,unknwn
3543,unknwn
3544,unknwn
3545,unknwn
3546,unknwn
3547,unknwn
3548,unknwn
3549,unknwn
3550,unknwn
3551,unknwn
3552,unknwn
3553,unknwn
3554,unknwn
3555,unknwn
3556,unknwn
3557,unknwn
3558,unknwn
3559,unknwn
3560,unknwn
3561,unknwn
3562,unknwn
3563,unknwn
3564,unknwn
3565,unknwn
3566,unknwn
3567,unknwn
3568,unknwn
3569,unknwn
3570,unknwn
3571,unknwn
3572,unknwn
3573,unknwn
3574,unknwn
3575,unknwn
3576,unknwn
3577,unknwn
3578,unknwn
3579,unknwn
3580,unknwn
3581,unknwn
3582,unknwn
3583,unknwn
3584,unknwn
3585,unknwn
3586,unknwn
3587,unknwn
3588,unknwn
3589,unknwn
3590,unknwn
3591,unknwn
3592,unknwn
3593,unknwn
3594,unknwn
3595,unknwn
3596,unknwn
3597,unknwn
3598,unknwn
3599,unknwn
3600,unknwn
3601,unknwn
3602,unknwn
3603,unknwn
3604,unknwn
3605,unknwn
3606,unknwn
3607,unknwn
3608,unknwn
3609,unknwn
3610,unknwn
3611,unknwn
3612,unknwn
3613,unknwn
3614,unknwn
3615,unknwn
3616,unknwn
3617,unknwn
3618,unknwn
3619,unknwn
3620,unknwn
3621,unknwn
3622,unknwn
3623,unknwn
3624,unknwn
3625,unknwn
3626,unknwn
3627,unknwn
3628,unknwn
3629,unknwn
3630,unknwn
3631,unknwn
3632,unknwn
3633,unknwn
3634,unknwn
3635,unknwn
3636,unknwn
3637,unknwn
3638,unknwn
3639,unknwn
3640,unknwn
3641,unknwn
3642,unknwn
3643,unknwn
3644,unknwn
3645,unknwn
3646,unknwn
3647,unknwn
3648,unknwn
3649,unknwn
3650,unknwn
3651,unknwn
3652,unknwn
3653,unknwn
3654,unknwn
3655,unknwn
3656,unknwn
3657,unknwn
3658,unknwn
3659,unknwn
3660,unknwn
3661,unknwn
3662,unknwn
3663,unknwn
3664,unknwn
3665,unknwn
3666,unknwn
3667,unknwn
3668,unknwn
3669,unknwn
3670,unknwn
3671,unknwn
3672,unknwn
3673,unknwn
3674,unknwn
3675,unknwn
3676,unknwn
3677,unknwn
3678,unknwn
3679,unknwn
3680,unknwn
3681,unknwn
3682,unknwn
3683,unknwn
3684,unknwn
3685,unknwn
3686,unknwn
3687,unknwn
3688,unknwn
3689,unknwn
3690,unknwn
3691,unknwn
3692,unknwn
3693,unknwn
3694,unknwn
3695,unknwn
3696,unknwn
3697,unknwn
3698,unknwn
3699,unknwn
3700,unknwn
3701,unknwn
3702,unknwn
3703,unknwn
3704,unknwn
3705,unknwn
3706,unknwn
3707,unknwn
3708,unknwn
3709,unknwn
3710,unknwn
3711,unknwn
3712,unknwn
3713,unknwn
3714,unknwn
3715,unknwn
3716,unknwn
3717,unknwn
3718,unknwn
3719,unknwn
3720,unknwn
3721,unknwn
3722,unknwn
3723,unknwn
3724,unknwn
3725,unknwn
3726,unknwn
3727,unknwn
3728,unknwn
3729,unknwn
3730,unknwn
3731,unknwn
3732,unknwn
3733,unknwn
3734,unknwn
3735,unknwn
3736,unknwn
3737,unknwn
3738,unknwn
3739,unknwn
3740,unknwn
3741,unknwn
3742,unknwn
3743,unknwn
3744,unknwn
3745,unknwn
3746,unknwn
3747,unknwn
3748,unknwn
3749,unknwn
3750,unknwn
3751,unknwn
3752,unknwn
3753,unknwn
3754,unknwn
3755,unknwn
3756,unknwn
3757,unknwn
3758,unknwn
3759,unknwn
3760,unknwn
3761,unknwn
3762,unknwn
3763,unknwn
3764,unknwn
3765,unknwn
3766,unknwn
3767,unknwn
3768,unknwn
3769,unknwn
3770,unknwn
3771,unknwn
3772,unknwn
3773,unknwn
3774,unknwn
3775,unknwn
3776,unknwn
3777,unknwn
3778,unknwn
3779,unknwn
3780,unknwn
3781,unknwn
3782,unknwn
3783,unknwn
3784,unknwn
3785,unknwn
3786,unknwn
3787,unknwn
3788,unknwn
3789,unknwn
3790,unknwn
3791,unknwn
3792,unknwn
3793,unknwn
3794,unknwn
3795,unknwn
3796,unknwn
3797,unknwn
3798,unknwn
3799,unknwn
3800,unknwn
3801,unknwn
3802,unknwn
3803,unknwn
3804,unknwn
3805,unknwn
3806,unknwn
3807,unknwn
3808,unknwn
3809,unknwn
3810,unknwn
3811,unknwn
3812,unknwn
3813,unknwn
3814,unknwn
3815,unknwn
3816,unknwn
3817,unknwn
3818,unknwn
3819,unknwn
3820,unknwn
3821,unknwn
3822,unknwn
3823,unknwn
3824,unknwn
3825,unknwn
3826,unknwn
3827,unknwn
3828,unknwn
3829,unknwn
3830,unknwn
3831,unknwn
3832,unknwn
3833,unknwn
3834,unknwn
3835,unknwn
3836,unknwn
3837,unknwn
3838,unknwn
3839,unknwn
3840,unknwn
3841,unknwn
3842,unknwn
3843,unknwn
3844,unknwn
3845,unknwn
3846,unknwn
3847,unknwn
3848,unknwn
3849,unknwn
3850,unknwn
3851,unknwn
3852,unknwn
3853,unknwn
3854,unknwn
3855,unknwn
3856,unknwn
3857,unknwn
3858,unknwn
3859,unknwn
3860,unknwn
3861,unknwn
3862,unknwn
3863,unknwn
3864,unknwn
3865,unknwn
3866,unknwn
3867,unknwn
3868,unknwn
3869,unknwn
3870,unknwn
3871,unknwn
3872,unknwn
3873,unknwn
3874,unknwn
3875,unknwn
3876,unknwn
3877,unknwn
3878,unknwn
3879,unknwn
3880,unknwn
3881,unknwn
3882,unknwn
3883,unknwn
3884,unknwn
3885,unknwn
3886,unknwn
3887,unknwn
3888,unknwn
3889,unknwn
3890,unknwn
3891,unknwn
3892,unknwn
3893,unknwn
3894,unknwn
3895,unknwn
3896,unknwn
3897,unknwn
3898,unknwn
3899,unknwn
3900,unknwn
3901,unknwn
3902,unknwn
3903,unknwn
3904,unknwn
3905,unknwn
3906,unknwn
3907,unknwn
3908,unknwn
3909,unknwn
3910,unknwn
3911,unknwn
3912,unknwn
3913,unknwn
3914,unknwn
3915,unknwn
3916,unknwn
3917,unknwn
3918,unknwn
3919,unknwn
3920,unknwn
3921,unknwn
3922,unknwn
3923,unknwn
3924,unknwn
3925,unknwn
3926,unknwn
3927,unknwn
3928,unknwn
3929,unknwn
3930,unknwn
3931,unknwn
3932,unknwn
3933,unknwn
3934,unknwn
3935,unknwn
3936,unknwn
3937,unknwn
3938,unknwn
3939,unknwn
3940,unknwn
3941,unknwn
3942,unknwn
3943,unknwn
3944,unknwn
3945,unknwn
3946,unknwn
3947,unknwn
3948,unknwn
3949,unknwn
3950,unknwn
3951,unknwn
3952,unknwn
3953,unknwn
3954,unknwn
3955,unknwn
3956,unknwn
3957,unknwn
3958,unknwn
3959,unknwn
3960,unknwn
3961,unknwn
3962,unknwn
3963,unknwn
3964,unknwn
3965,unknwn
3966,unknwn
3967,unknwn
3968,unknwn
3969,unknwn
3970,unknwn
3971,unknwn
3972,unknwn
3973,unknwn
3974,unknwn
3975,unknwn
3976,unknwn
3977,unknwn
3978,unknwn
3979,unknwn
3980,unknwn
3981,unknwn
3982,unknwn
3983,unknwn
3984,unknwn
3985,unknwn
3986,unknwn
3987,unknwn
3988,unknwn
3989,unknwn
3990,unknwn
3991,unknwn
3992,unknwn
3993,unknwn
3994,unknwn
3995,unknwn
3996,unknwn
3997,unknwn
3998,unknwn
3999,unknwn
4000,unknwn
4001,unknwn
4002,unknwn
4003,unknwn
4004,unknwn
4005,unknwn
4006,unknwn
4007,unknwn
4008,unknwn
4009,unknwn
4010,unknwn
4011,unknwn
4012,unknwn
4013,unknwn
4014,unknwn
4015,unknwn
4016,unknwn
4017,unknwn
4018,unknwn
4019,unknwn
4020,unknwn
4021,unknwn
4022,unknwn
4023,unknwn
4024,unknwn
4025,unknwn
4026,unknwn
4027,unknwn
4028,unknwn
4029,unknwn
4030,unknwn
4031,unknwn
4032,unknwn
4033,unknwn
4034,unknwn
4035,unknwn
4036,unknwn
4037,unknwn
4038,unknwn
4039,unknwn
4040,unknwn
4041,unknwn
4042,unknwn
4043,unknwn
4044,unknwn
4045,unknwn
4046,unknwn
4047,unknwn
4048,unknwn
4049,unknwn
4050,unknwn
4051,unknwn
4052,unknwn
4053,unknwn
4054,unknwn
4055,unknwn
4056,unknwn
4057,unknwn
4058,unknwn
4059,unknwn
4060,unknwn
4061,unknwn
4062,unknwn
4063,unknwn
4064,unknwn
4065,unknwn
4066,unknwn
4067,unknwn
4068,unknwn
4069,unknwn
4070,unknwn
4071,unknwn
4072,unknwn
4073,unknwn
4074,unknwn
4075,unknwn
4076,unknwn
4077,unknwn
4078,unknwn
4079,unknwn
4080,unknwn
4081,unknwn
4082,unknwn
4083,unknwn
4084,unknwn
4085,unknwn
4086,unknwn
4087,unknwn
4088,unknwn
4089,unknwn
4090,unknwn
4091,unknwn
4092,unknwn
4093,unknwn
4094,unknwn
4095,unknwn
4096,unknwn
4097,unknwn
4098,unknwn
4099,unknwn
4100,unknwn
4101,unknwn
4102,unknwn
4103,unknwn
4104,unknwn
4105,unknwn
4106,unknwn
4107,unknwn
4108,unknwn
4109,unknwn
4110,unknwn
4111,unknwn
4112,unknwn
4113,unknwn
4114,unknwn
4115,unknwn
4116,unknwn
4117,unknwn
4118,unknwn
4119,unknwn
4120,unknwn
4121,unknwn
4122,unknwn
4123,unknwn
4124,unknwn
4125,unknwn
4126,unknwn
4127,unknwn
4128,unknwn
4129,unknwn
4130,unknwn
4131,unknwn
4132,unknwn
4133,unknwn
4134,unknwn
4135,unknwn
4136,unknwn
4137,unknwn
4138,unknwn
4139,unknwn
4140,unknwn
4141,unknwn
4142,unknwn
4143,unknwn
4144,unknwn
4145,unknwn
4146,unknwn
4147,unknwn
4148,unknwn
4149,unknwn
4150,unknwn
4151,unknwn
4152,unknwn
4153,unknwn
4154,unknwn
4155,unknwn
4156,unknwn
4157,unknwn
4158,unknwn
4159,unknwn
4160,unknwn
4161,unknwn
4162,unknwn
4163,unknwn
4164,unknwn
4165,unknwn
4166,unknwn
4167,unknwn
4168,unknwn
4169,unknwn
4170,unknwn
4171,unknwn
4172,unknwn
4173,unknwn
4174,unknwn
4175,unknwn
4176,unknwn
4177,unknwn
4178,unknwn
4179,unknwn
4180,unknwn
4181,unknwn
4182,unknwn
4183,unknwn
4184,unknwn
4185,unknwn
4186,unknwn
4187,unknwn
4188,unknwn
4189,unknwn
4190,unknwn
4191,unknwn
4192,unknwn
4193,unknwn
4194,unknwn
4195,unknwn
4196,unknwn
4197,unknwn
4198,unknwn
4199,unknwn
4200,unknwn
4201,unknwn
4202,unknwn
4203,unknwn
4204,unknwn
4205,unknwn
4206,unknwn
4207,unknwn
4208,unknwn
4209,unknwn
4210,unknwn
4211,unknwn
4212,unknwn
4213,unknwn
4214,unknwn
4215,unknwn
4216,unknwn
4217,unknwn
4218,unknwn
4219,unknwn
4220,unknwn
4221,unknwn
4222,unknwn
4223,unknwn
4224,unknwn
4225,unknwn
4226,unknwn
4227,unknwn
4228,unknwn
4229,unknwn
4230,unknwn
4231,unknwn
4232,unknwn
4233,unknwn
4234,unknwn
4235,unknwn
4236,unknwn
4237,unknwn
4238,unknwn
4239,unknwn
4240,unknwn
4241,unknwn
4242,unknwn
4243,unknwn
4244,unknwn
4245,unknwn
4246,unknwn
4247,unknwn
4248,unknwn
4249,unknwn
4250,unknwn
4251,unknwn
4252,unknwn
4253,unknwn
4254,unknwn
4255,unknwn
4256,unknwn
4257,unknwn
4258,unknwn
4259,unknwn
4260,unknwn
4261,unknwn
4262,unknwn
4263,unknwn
4264,unknwn
4265,unknwn
4266,unknwn
4267,unknwn
4268,unknwn
4269,unknwn
4270,unknwn
4271,unknwn
4272,unknwn
4273,unknwn
4274,unknwn
4275,unknwn
4276,unknwn
4277,unknwn
4278,unknwn
4279,unknwn
4280,unknwn
4281,unknwn
4282,unknwn
4283,unknwn
4284,unknwn
4285,unknwn
4286,unknwn
4287,unknwn
4288,unknwn
4289,unknwn
4290,unknwn
4291,unknwn
4292,unknwn
4293,unknwn
4294,unknwn
4295,unknwn
4296,unknwn
4297,unknwn
4298,unknwn
4299,unknwn
4300,unknwn
4301,unknwn
4302,unknwn
4303,unknwn
4304,unknwn
4305,unknwn
4306,unknwn
4307,unknwn
4308,unknwn
4309,unknwn
4310,unknwn
4311,unknwn
4312,unknwn
4313,unknwn
4314,unknwn
4315,unknwn
4316,unknwn
4317,unknwn
4318,unknwn
4319,unknwn
4320,unknwn
4321,unknwn
4322,unknwn
4323,unknwn
4324,unknwn
4325,unknwn
4326,unknwn
4327,unknwn
4328,unknwn
4329,unknwn
4330,unknwn
4331,unknwn
4332,unknwn
4333,unknwn
4334,unknwn
4335,unknwn
4336,unknwn
4337,unknwn
4338,unknwn
4339,unknwn
4340,unknwn
4341,unknwn
4342,unknwn
4343,unknwn
4344,unknwn
4345,unknwn
4346,unknwn
4347,unknwn
4348,unknwn
4349,unknwn
4350,unknwn
4351,unknwn
4352,unknwn
4353,unknwn
4354,unknwn
4355,unknwn
4356,unknwn
4357,unknwn
4358,unknwn
4359,unknwn
4360,unknwn
4361,unknwn
4362,unknwn
4363,unknwn
4364,unknwn
4365,unknwn
4366,unknwn
4367,unknwn
4368,unknwn
4369,unknwn
4370,unknwn
4371,unknwn
4372,unknwn
4373,unknwn
4374,unknwn
4375,unknwn
4376,unknwn
4377,unknwn
4378,unknwn
4379,unknwn
4380,unknwn
4381,unknwn
4382,unknwn
4383,unknwn
4384,unknwn
4385,unknwn
4386,unknwn
4387,unknwn
4388,unknwn
4389,unknwn
4390,unknwn
4391,unknwn
4392,unknwn
4393,unknwn
4394,unknwn
4395,unknwn
4396,unknwn
4397,unknwn
4398,unknwn
4399,unknwn
4400,unknwn
4401,unknwn
4402,unknwn
4403,unknwn
4404,unknwn
4405,unknwn
4406,unknwn
4407,unknwn
4408,unknwn
4409,unknwn
4410,unknwn
4411,unknwn
4412,unknwn
4413,unknwn
4414,unknwn
4415,unknwn
4416,unknwn
4417,unknwn
4418,unknwn
4419,unknwn
4420,unknwn
4421,unknwn
4422,unknwn
4423,unknwn
4424,unknwn
4425,unknwn
4426,unknwn
4427,unknwn
4428,unknwn
4429,unknwn
4430,unknwn
4431,unknwn
4432,unknwn
4433,unknwn
4434,unknwn
4435,unknwn
4436,unknwn
4437,unknwn
4438,unknwn
4439,unknwn
4440,unknwn
4441,unknwn
4442,unknwn
4443,unknwn
4444,unknwn
4445,unknwn
4446,unknwn
4447,unknwn
4448,unknwn
4449,unknwn
4450,unknwn
4451,unknwn
4452,unknwn
4453,unknwn
4454,unknwn
4455,unknwn
4456,unknwn
4457,unknwn
4458,unknwn
4459,unknwn
4460,unknwn
4461,unknwn
4462,unknwn
4463,unknwn
4464,unknwn
4465,unknwn
4466,unknwn
4467,unknwn
4468,unknwn
4469,unknwn
4470,unknwn
4471,unknwn
4472,unknwn
4473,unknwn
4474,unknwn
4475,unknwn
4476,unknwn
4477,unknwn
4478,unknwn
4479,unknwn
4480,unknwn
4481,unknwn
4482,unknwn
4483,unknwn
4484,unknwn
4485,unknwn
4486,unknwn
4487,unknwn
4488,unknwn
4489,unknwn
4490,unknwn
4491,unknwn
4492,unknwn
4493,unknwn
4494,unknwn
4495,unknwn
4496,unknwn
4497,unknwn
4498,unknwn
4499,unknwn
4500,unknwn
4501,unknwn
4502,unknwn
4503,unknwn
4504,unknwn
4505,unknwn
4506,unknwn
4507,unknwn
4508,unknwn
4509,unknwn
4510,unknwn
4511,unknwn
4512,unknwn
4513,unknwn
4514,unknwn
4515,unknwn
4516,unknwn
4517,unknwn
4518,unknwn
4519,unknwn
4520,unknwn
4521,unknwn
4522,unknwn
4523,unknwn
4524,unknwn
4525,unknwn
4526,unknwn
4527,unknwn
4528,unknwn
4529,unknwn
4530,unknwn
4531,unknwn
4532,unknwn
4533,unknwn
4534,unknwn
4535,unknwn
4536,unknwn
4537,unknwn
4538,unknwn
4539,unknwn
4540,unknwn
4541,unknwn
4542,unknwn
4543,unknwn
4544,unknwn
4545,unknwn
4546,unknwn
4547,unknwn
4548,unknwn
4549,unknwn
4550,unknwn
4551,unknwn
4552,unknwn
4553,unknwn
4554,unknwn
4555,unknwn
4556,unknwn
4557,unknwn
4558,unknwn
4559,unknwn
4560,unknwn
4561,unknwn
4562,unknwn
4563,unknwn
4564,unknwn
4565,unknwn
4566,unknwn
4567,unknwn
4568,unknwn
4569,unknwn
4570,unknwn
4571,unknwn
4572,unknwn
4573,unknwn
4574,unknwn
4575,unknwn
4576,unknwn
4577,unknwn
4578,unknwn
4579,unknwn
4580,unknwn
4581,unknwn
4582,unknwn
4583,unknwn
4584,unknwn
4585,unknwn
4586,unknwn
4587,unknwn
4588,unknwn
4589,unknwn
4590,unknwn
4591,unknwn
4592,unknwn
4593,unknwn
4594,unknwn
4595,unknwn
4596,unknwn
4597,unknwn
4598,unknwn
4599,unknwn
4600,unknwn
4601,unknwn
4602,unknwn
4603,unknwn
4604,unknwn
4605,unknwn
4606,unknwn
4607,unknwn
4608,unknwn
4609,unknwn
4610,unknwn
4611,unknwn
4612,unknwn
4613,unknwn
4614,unknwn
4615,unknwn
4616,unknwn
4617,unknwn
4618,unknwn
4619,unknwn
4620,unknwn
4621,unknwn
4622,unknwn
4623,unknwn
4624,unknwn
4625,unknwn
4626,unknwn
4627,unknwn
4628,unknwn
4629,unknwn
4630,unknwn
4631,unknwn
4632,unknwn
4633,unknwn
4634,unknwn
4635,unknwn
4636,unknwn
4637,unknwn
4638,unknwn
4639,unknwn
4640,unknwn
4641,unknwn
4642,unknwn
4643,unknwn
4644,unknwn
4645,unknwn
4646,unknwn
4647,unknwn
4648,unknwn
4649,unknwn
4650,unknwn
4651,unknwn
4652,unknwn
4653,unknwn
4654,unknwn
4655,unknwn
4656,unknwn
4657,unknwn
4658,unknwn
4659,unknwn
4660,unknwn
4661,unknwn
4662,unknwn
4663,unknwn
4664,unknwn
4665,unknwn
4666,unknwn
4667,unknwn
4668,unknwn
4669,unknwn
4670,unknwn
4671,unknwn
4672,unknwn
4673,unknwn
4674,unknwn
4675,unknwn
4676,unknwn
4677,unknwn
4678,unknwn
4679,unknwn
4680,unknwn
4681,unknwn
4682,unknwn
4683,unknwn
4684,unknwn
4685,unknwn
4686,unknwn
4687,unknwn
4688,unknwn
4689,unknwn
4690,unknwn
4691,unknwn
4692,unknwn
4693,unknwn
4694,unknwn
4695,unknwn
4696,unknwn
4697,unknwn
4698,unknwn
4699,unknwn
4700,unknwn
4701,unknwn
4702,unknwn
4703,unknwn
4704,unknwn
4705,unknwn
4706,unknwn
4707,unknwn
4708,unknwn
4709,unknwn
4710,unknwn
4711,unknwn
4712,unknwn
4713,unknwn
4714,unknwn
4715,unknwn
4716,unknwn
4717,unknwn
4718,unknwn
4719,unknwn
4720,unknwn
4721,unknwn
4722,unknwn
4723,unknwn
4724,unknwn
4725,unknwn
4726,unknwn
4727,unknwn
4728,unknwn
4729,unknwn
4730,unknwn
4731,unknwn
4732,unknwn
4733,unknwn
4734,unknwn
4735,unknwn
4736,unknwn
4737,unknwn
4738,unknwn
4739,unknwn
4740,unknwn
4741,unknwn
4742,unknwn
4743,unknwn
4744,unknwn
4745,unknwn
4746,unknwn
4747,unknwn
4748,unknwn
4749,unknwn
4750,unknwn
4751,unknwn
4752,unknwn
4753,unknwn
4754,unknwn
4755,unknwn
4756,unknwn
4757,unknwn
4758,unknwn
4759,unknwn
4760,unknwn
4761,unknwn
4762,unknwn
4763,unknwn
4764,unknwn
4765,unknwn
4766,unknwn
4767,unknwn
4768,unknwn
4769,unknwn
4770,unknwn
4771,unknwn
4772,unknwn
4773,unknwn
4774,unknwn
4775,unknwn
4776,unknwn
4777,unknwn
4778,unknwn
4779,unknwn
4780,unknwn
4781,unknwn
4782,unknwn
4783,unknwn
4784,unknwn
4785,unknwn
4786,unknwn
4787,unknwn
4788,unknwn
4789,unknwn
4790,unknwn
4791,unknwn
4792,unknwn
4793,unknwn
4794,unknwn
4795,unknwn
4796,unknwn
4797,unknwn
4798,unknwn
4799,unknwn
4800,unknwn
4801,unknwn
4802,unknwn
4803,unknwn
4804,unknwn
4805,unknwn
4806,unknwn
4807,unknwn
4808,unknwn
4809,unknwn
4810,unknwn
4811,unknwn
4812,unknwn
4813,unknwn
4814,unknwn
4815,unknwn
4816,unknwn
4817,unknwn
4818,unknwn
4819,unknwn
4820,unknwn
4821,unknwn
4822,unknwn
4823,unknwn
4824,unknwn
4825,unknwn
4826,unknwn
4827,unknwn
4828,unknwn
4829,unknwn
4830,unknwn
4831,unknwn
4832,unknwn
4833,unknwn
4834,unknwn
4835,unknwn
4836,unknwn
4837,unknwn
4838,unknwn
4839,unknwn
4840,unknwn
4841,unknwn
4842,unknwn
4843,unknwn
4844,unknwn
4845,unknwn
4846,unknwn
4847,unknwn
4848,unknwn
4849,unknwn
4850,unknwn
